<!DOCTYPE hibernate-mapping PUBLIC 
    "-//Hibernate/Hibernate Mapping DTD 3.0//EN"
    "http://hibernate.sourceforge.net/hibernate-mapping-3.0.dtd">
<hibernate-mapping>
    <class name="entity.MusicAlbumEntity" table="albums" schema="public">
       <id name="id" type="long" column="id">
			<generator class="increment"/>
	   </id> 
       <property name="album" type="string" column="album"/>
       <property name="artist" type="string" column="artist"/>
       <property name="song1" type="string" column="song1"/>
	   <property name="song2" type="string" column="song2"/>
	   <property name="song3" type="string" column="song3"/>
       <property name="song4" type="string" column="song4"/>
       <property name="song5" type="string" column="song5"/>
       <property name="song6" type="string" column="song6"/>
       <property name="song7" type="string" column="song7"/>
       <property name="song8" type="string" column="song8"/>
       <property name="song9" type="string" column="song9"/>
       <property name="song10" type="string" column="song10"/>
    </class>
</hibernate-mapping>