<!DOCTYPE hibernate-mapping PUBLIC 
    "-//Hibernate/Hibernate Mapping DTD 3.0//EN"
    "http://hibernate.sourceforge.net/hibernate-mapping-3.0.dtd">
<hibernate-mapping>
    <class name="entity.UserEntity" table="users" schema="public">
       <id name="id" type="long" column="id">
			<generator class="increment"/>
	   </id> 
       <property name="username"    type="string" column="username"/>
       <property name="password"    type="string" column="password"/>
       <property name="firstName"   type="string" column="firstname"/>
	   <property name="lastName"    type="string" column="lastname"/>
	   <property name="email"       type="string" column="email"/>
       <property name="phoneNumber" type="string" column="phonenumber"/>
    </class>
</hibernate-mapping>