<?xml version = "1.0" encoding = "utf-8"?>
<!DOCTYPE hibernate-configuration SYSTEM
        "http://www.hibernate.org/dtd/hibernate-configuration-3.0.dtd">

<hibernate-configuration>
    <session-factory>
        <property name="hibernate.connection.driver_class">org.postgresql.Driver</property>
        <property name="hibernate.connection.url">jdbc:postgresql://localhost/school</property>
        <property name="hibernate.connection.username">richard</property>
        <property name="hibernate.connection.password">abc@123</property>
        <property name="hibernate.dialect">org.hibernate.dialect.PostgreSQLDialect</property>
        <property name="show_sql">false</property>
        <property name="format_sql">false</property>
        <property name="hibernate.hbm2ddl.auto">update</property>
        <property name="hibernate.current_session_context_class">thread</property>
		<mapping class="entity.UserEntity" />
		<mapping class="entity.MusicAlbumEntity" />
    </session-factory>
</hibernate-configuration>